{
    "dbServer": {
        "database": "billing",
        "host": "mongodb://localhost:27017/oa_billing"
    },
    "webServer": {
        "url": "http://localhost:3005",
        "port": 3005
    },
    "queueServer": {
        "disabled": true
    },
    "system": {
        "name": "Open Age",
        "emailId": "no_reply@openage.in"
    },
    "auth": {
        "provider": "directory"
    },
    "logger": {
        "console": {
            "level": "silly",
            "handleExceptions": true,
            "json": false,
            "colorize": true
        }
    },
    "providers": {
        "directory": {
            "url": "http://localhost:3001/api"
        },
        "send-it": {
            "url": "http://localhost:3002/api"
        },
        "drive": {
            "url": "http://localhost:3003/api"
        }
    }
}
